s.\img\gustav-klimt,baby-1918.jpg
.\img\gustav-klimt,beech-grove-i.jpg
.\img\gustav-klimt,bildnis-gertha-felssvanyi.jpg
.\img\gustav-klimt,blumengarten.jpg
.\img\gustav-klimt,chruch-in-cassone.jpg
.\img\gustav-klimt,chruch-in-unterach-on-the-attersee.jpg
.\img\gustav-klimt,country-garden-with-sunflowers-1906.jpg
.\img\gustav-klimt,death-and-life-1916.jpg
.\img\gustav-klimt,farm-garden-with-crucifix-1912 (1).jpg
.\img\gustav-klimt,farm-garden-with-crucifix-1912.jpg
.\img\gustav-klimt,flower-garden-1907.jpg
.\img\gustav-klimt,fruit-trees-1901.jpg
.\img\gustav-klimt,houses-at-unterach-on-the-attersee.jpg
.\img\gustav-klimt,hygeia-detail-of-medicine-1907.jpg!HalfHD (1).jpg
.\img\gustav-klimt,hygeia-detail-of-medicine-1907.jpg!HalfHD.jpg
.\img\gustav-klimt,lady-with-fan-1918.jpg
.\img\gustav-klimt,mada-primavesi.jpg
.\img\gustav-klimt,malcesine-on-lake-garda(1).jpg
.\img\gustav-klimt,musik-lithograph-1901.jpg
.\img\gustav-klimt,portrait-of-adele-bloch-bauer-i(1) (1).jpg
.\img\gustav-klimt,portrait-of-adele-bloch-bauer-i(1).jpg
.\img\gustav-klimt,portrait-of-adele-bloch-bauer-ii-1912.jpg
.\img\gustav-klimt,portrait-of-emilie-flöge-1.jpg
.\img\gustav-klimt,portrait-of-eugenia-primavesi.jpg
.\img\gustav-klimt,portrait-of-maria-munk-unfinished-1918 (1).jpg
.\img\gustav-klimt,portrait-of-maria-munk-unfinished-1918.jpg
.\img\gustav-klimt,roses-under-the-trees.jpg
.\img\gustav-klimt,schloss-kammer-on-the-attersee-iv.jpg
.\img\gustav-klimt,the-black-feather-hat.jpg
.\img\gustav-klimt,the-dancer-1918 (1).jpg
.\img\gustav-klimt,the-dancer-1918.jpg
.\img\gustav-klimt,the-house-of-guardaboschi.jpg
.\img\gustav-klimt,the-kiss-1908(1).jpg
.\img\gustav-klimt,the-sunflower-1907.jpg
.\img\gustav-klimt,the-virgin-1913.jpg
.\img\gustav-klimt,untitled.jpg
.\img\paul-cezanne,apples-pears-and-grapes.jpg
.\img\paul-cezanne,chestnut-tree-and-farm-1885.jpg
.\img\paul-cezanne,curtain-jug-and-fruit-1894.jpg
.\img\paul-cezanne,dish-of-apples-1879.jpg
.\img\paul-cezanne,forest.jpg
.\img\paul-cezanne,gardanne-1886.jpg
.\img\paul-cezanne,gardanne-1890.jpg
.\img\paul-cezanne,harlequin-1890-1.jpg
.\img\paul-cezanne,house-in-provence-1867.jpg
.\img\paul-cezanne,house-with-red-roof-1890.jpg
.\img\paul-cezanne,houses-along-a-road.jpg
.\img\paul-cezanne,houses-in-provence-near-gardanne-1886.jpg
.\img\paul-cezanne,ile-de-france-landscape-1880-1.jpg
.\img\paul-cezanne,l-estaque-view-through-the-trees-1879.jpg
.\img\paul-cezanne,l-estaque-with-red-roofs-1885.jpg
.\img\paul-cezanne,landscape-with-waterline.jpg
.\img\paul-cezanne,mont-sainte-victoire-1.jpg
.\img\paul-cezanne,mont-sainte-victoire-1887.jpg
.\img\paul-cezanne,mont-sainte-victoire-3.jpg
.\img\paul-cezanne,mountains-in-provence-l-estaque.jpg
.\img\paul-cezanne,peasant-in-a-blue-smock.jpg
.\img\paul-cezanne,pierrot-and-harlequin-mardi-gras-1888.jpg
.\img\paul-cezanne,self-portrait-1882.jpg
.\img\paul-cezanne,self-portrait-with-white-turbaned-1882.jpg
.\img\paul-cezanne,still-life-post-bottle-cup-and-fruit.jpg
.\img\paul-cezanne,still-life-with-apples-1.jpg
.\img\paul-cezanne,still-life-with-basket.jpg
.\img\paul-cezanne,still-life-with-bottle-and-apple-basket-1894.jpg
.\img\paul-cezanne,sugar-bowl-pears-and-blue-cup.jpg
.\img\paul-cezanne,the-bay-of-l-estaque-from-the-east.jpg
.\img\paul-cezanne,the-card-players-1892.jpg
.\img\paul-cezanne,the-card-players-1893-1.jpg
.\img\paul-cezanne,the-chateau-de-medan.jpg
.\img\paul-cezanne,the-four-seasons-autumn-1861.jpg
.\img\paul-cezanne,the-four-seasons-spring-1861.jpg
.\img\paul-cezanne,the-four-seasons-summer-1861.jpg
.\img\paul-cezanne,the-four-seasons-winter-1861.jpg
.\img\paul-cezanne,the-gulf-of-marseille-seen-from-l-estaque-1.jpg
.\img\paul-cezanne,the-pond-of-the-jas-de-bouffan-1878.jpg
.\img\paul-cezanne,the-seine-at-bercy-1878.jpg
.\img\paul-cezanne,view-of-l-estaque-1883.jpg
.\img\paul-cezanne,view-of-l-estaque-and-chateaux-d-if-1885.jpg
